OBJECTID;NumeroZona;NomeZona;NumeroMuni;NomeMunici;NumDistrit;NomeDistri;Area_ha_2;ORIG_FID;COORD_X;COORD_Y
1;1;S?;36;S?o Paulo;80;S?;57.09999847;1;-46.6328627671116;-23.5494893708003
2;2;Parque Dom Pedro;36;S?o Paulo;80;S?;113.6399994;2;-46.6294318518531;-23.5437536946434
3;3;Pra?a Jo?o Mendes;36;S?o Paulo;80;S?;47.75;3;-46.6326436415312;-23.5541090158436
4;4;Ladeira da Mem?ria;36;S?o Paulo;67;Rep?blica;75.11000061;4;-46.6414551737443;-23.5511440985549
5;5;Rep?blica;36;S?o Paulo;67;Rep?blica;74.94999695;5;-46.642618273966;-23.5440175497649
6;6;Santa Ifig?nia;36;S?o Paulo;67;Rep?blica;82.93000031;6;-46.6382851012575;-23.5386872762244
7;7;Luz;36;S?o Paulo;9;Bom Retiro;154.6000061;7;-46.6342811715285;-23.5309649203437
8;8;Bom Retiro;36;S?o Paulo;9;Bom Retiro;143.0099945;8;-46.6444588448956;-23.5215550175817
9;9;Ponte Pequena;36;S?o Paulo;9;Bom Retiro;129.7799988;9;-46.6304070997636;-23.5236867210953
10;10;Canind?;36;S?o Paulo;57;Pari;82.61000061;10;-46.6209681314301;-23.5228393332052
11;11;Bom Jardim;36;S?o Paulo;57;Pari;49.84999847;11;-46.6107111558119;-23.5244564831558
12;12;Pari;36;S?o Paulo;57;Pari;140.1600037;12;-46.6170911019294;-23.5299606747793
13;13;Jo?o Teodoro;36;S?o Paulo;10;Br?s;39.31999969;13;-46.6212053546489;-23.5370869033877
14;14;Oriente;36;S?o Paulo;10;Br?s;69.87999725;14;-46.6137545980286;-23.5377067416237
15;15;Bresser;36;S?o Paulo;10;Br?s;76.98000336;15;-46.610916762215;-23.5434946771272
16;16;Br?s;36;S?o Paulo;10;Br?s;109.0800018;16;-46.618501116447;-23.5496164131259
17;17;Gas?metro;36;S?o Paulo;10;Br?s;69.34999847;17;-46.6232162080123;-23.5421915933216
18;18;Independ?ncia;36;S?o Paulo;14;Cambuci;253.75;18;-46.615049263516;-23.560119598931
19;19;Cambuci;36;S?o Paulo;14;Cambuci;140.4299927;19;-46.6193567060818;-23.5708279136428
20;20;Glic?rio;36;S?o Paulo;49;Liberdade;108.0199966;20;-46.6268563260163;-23.5636372764099
21;21;Aclima??o;36;S?o Paulo;49;Liberdade;113.6200027;21;-46.6303392665876;-23.5725646574328
22;22;Pires da Mota;36;S?o Paulo;49;Liberdade;50.02999878;22;-46.6350707801361;-23.5672037289933
23;23;Centro Cultural;36;S?o Paulo;49;Liberdade;33.24000168;23;-46.6377906766335;-23.5651827195876
24;24;Liberdade;36;S?o Paulo;49;Liberdade;59.49000168;24;-46.634956612497;-23.5594016428787
25;25;Treze de Maio;36;S?o Paulo;7;Bela Vista;42.84999847;25;-46.6478599058931;-23.554776834047
26;26;Bexiga;36;S?o Paulo;7;Bela Vista;51.75999832;26;-46.6418516483328;-23.5578994084905
27;27;Bela Vista;36;S?o Paulo;7;Bela Vista;93.80000305;27;-46.6443354686314;-23.5651703922113
28;28;S?o Carlos do Pinhal;36;S?o Paulo;7;Bela Vista;31.03000069;28;-46.6501305607965;-23.5625559165923
29;29;Masp;36;S?o Paulo;7;Bela Vista;57.27000046;29;-46.6537637194377;-23.5579694206138
30;30;Higien?polis;36;S?o Paulo;26;Consola??o;67.80999756;30;-46.6560679744947;-23.5449484246096
31;31;Vila Buarque;36;S?o Paulo;26;Consola??o;89.58000183;31;-46.6514817419939;-23.5483261558908
32;32;Consola??o;36;S?o Paulo;26;Consola??o;57.22999954;32;-46.6599763169974;-23.5541662663436
33;33;Pacaembu;36;S?o Paulo;26;Consola??o;90.44999695;33;-46.6683998124802;-23.5503000769423
34;34;FAAP;36;S?o Paulo;26;Consola??o;74.44999695;34;-46.6624041133795;-23.5439999266596
35;35;Santa Cec?lia;36;S?o Paulo;70;Santa Cec?lia;144.0899963;35;-46.6476303624956;-23.5350742776989
36;36;Marechal Deodoro;36;S?o Paulo;70;Santa Cec?lia;142.1999969;36;-46.6563475872542;-23.5326451487252
37;37;Rudge;36;S?o Paulo;70;Santa Cec?lia;84.73000336;37;-46.6540934486352;-23.5234151980012
38;38;Catumbi;36;S?o Paulo;8;Bel?m;81.44000244;38;-46.603671853423;-23.5282691927151
39;39;Bel?m;36;S?o Paulo;8;Bel?m;160.7100067;39;-46.5922133137432;-23.5330026644427
40;40;Quarta Parada;36;S?o Paulo;8;Bel?m;127.4000015;40;-46.5794844386067;-23.5447791800003
41;41;Belenzinho;36;S?o Paulo;8;Bel?m;180.1100006;41;-46.5944242471121;-23.5400838578263
42;42;Celso Garcia;36;S?o Paulo;8;Bel?m;63.88999939;42;-46.5964139961473;-23.5406033777775
43;43;Mooca;36;S?o Paulo;54;Mooca;271.7900085;43;-46.5989324664584;-23.5483790164195
44;44;Alto da Mooca;36;S?o Paulo;54;Mooca;141.6499939;44;-46.5946243367856;-23.5604759558666
45;45;Parque da Mooca;36;S?o Paulo;54;Mooca;381.4200134;45;-46.5924123043377;-23.5738144441955
46;46;?gua Rasa;36;S?o Paulo;1;?gua Rasa;315.8099976;46;-46.5646718013894;-23.5723617271333
47;47;Vila Bertioga;36;S?o Paulo;1;?gua Rasa;195.2799988;47;-46.5783673353412;-23.5664662310804
48;48;Regente Feij?;36;S?o Paulo;1;?gua Rasa;203.9600067;48;-46.5758086128988;-23.5566156171733
49;49;Ana Rosa;36;S?o Paulo;92;Vila Mariana;94.45999908;49;-46.6342973305602;-23.5785286742112
50;50;Jardim da Gl?ria;36;S?o Paulo;92;Vila Mariana;88.43000031;50;-46.6209204488255;-23.5820644234751
51;51;Ch?cara Klabin;36;S?o Paulo;92;Vila Mariana;97.56999969;51;-46.6254625704722;-23.5896891579152
52;52;Vila Mariana;36;S?o Paulo;92;Vila Mariana;59.61000061;52;-46.6314463508368;-23.585273252501
53;53;Santa Cruz;36;S?o Paulo;92;Vila Mariana;108.5199966;53;-46.6299773406619;-23.5956128148182
54;54;Vila Clementino;36;S?o Paulo;92;Vila Mariana;93.69999695;54;-46.6431528373371;-23.5961009236424
55;55;Fran?a Pinto;36;S?o Paulo;92;Vila Mariana;112.1399994;55;-46.641250218773;-23.5894392142519
56;56;Rodrigues Alves;36;S?o Paulo;92;Vila Mariana;103.5500031;56;-46.6526484543698;-23.5835887300245
57;57;Para?so;36;S?o Paulo;92;Vila Mariana;96.27999878;57;-46.6451393148152;-23.5779983041845
58;58;Bosque da Sa?de;36;S?o Paulo;79;Sa?de;169.9100037;58;-46.6316112917854;-23.6059856198349
59;59;Sa?de;36;S?o Paulo;79;Sa?de;260.8099976;59;-46.6351024291119;-23.6207464510457
60;60;Planalto Paulista;36;S?o Paulo;79;Sa?de;321.6600037;60;-46.6494846370011;-23.6178082464173
61;61;Mirand?polis;36;S?o Paulo;79;Sa?de;173.4499969;61;-46.6427405309939;-23.6050561815037
62;62;Parque Ibirapuera;36;S?o Paulo;53;Moema;283.7000122;62;-46.6560860624776;-23.5841945486991
63;63;Jardim Luzit?nia;36;S?o Paulo;53;Moema;103.0699997;63;-46.6557024699359;-23.5959218537599
64;64;Moema;36;S?o Paulo;53;Moema;175.1300049;64;-46.6587630335531;-23.6053624880921
65;65;Vila Helena;36;S?o Paulo;53;Moema;104.8199997;65;-46.6681778001799;-23.5993706102413
66;66;Bandeirantes;36;S?o Paulo;53;Moema;133.4199982;66;-46.6681747478606;-23.6099550062875
67;67;Vila Nova Concei??o;36;S?o Paulo;53;Moema;112.4800034;67;-46.6675392736065;-23.5886546684537
68;68;Ch?cara Itaim;36;S?o Paulo;34;Itaim Bibi;204.0099945;68;-46.6799394204984;-23.5846320137193
69;69;Vila Ol?mpia;36;S?o Paulo;34;Itaim Bibi;89.62999725;69;-46.6767919017304;-23.5916945048745
70;70;H?lio Pelegrino;36;S?o Paulo;34;Itaim Bibi;103.3799973;70;-46.6786609112451;-23.5998951935421
71;71;Brooklin;36;S?o Paulo;34;Itaim Bibi;234.25;71;-46.6847408297365;-23.6086875160844
72;72;Vila Cordeiro;36;S?o Paulo;34;Itaim Bibi;176.6900024;72;-46.6918958614125;-23.6190905808229
73;73;Berrini;36;S?o Paulo;34;Itaim Bibi;197.3899994;73;-46.6918372994572;-23.6008724005884
74;74;Campinas;36;S?o Paulo;44;Jardim Paulista;49.08000183;74;-46.6537981045791;-23.5661025031774
75;75;Pamplona;36;S?o Paulo;44;Jardim Paulista;51.34000015;75;-46.657327937189;-23.5696918993377
76;76;Jardins;36;S?o Paulo;44;Jardim Paulista;237.6999969;76;-46.6676904780403;-23.5725676911971
77;77;Cl?nicas;36;S?o Paulo;44;Jardim Paulista;128.7200012;77;-46.6749912234411;-23.5569636893526
78;78;Oscar Freire;36;S?o Paulo;44;Jardim Paulista;100.0100021;78;-46.6663736254146;-23.5635944230178
79;79;Trianon;36;S?o Paulo;44;Jardim Paulista;59.81000137;79;-46.6615052985847;-23.5587995166508
80;80;Jardim Paulistano;36;S?o Paulo;63;Pinheiros;98.98000336;80;-46.6850599369421;-23.5631325370995
81;81;Jardim Europa;36;S?o Paulo;63;Pinheiros;308.019989;81;-46.6840373767951;-23.5751610618929
82;82;Pinheiros;36;S?o Paulo;63;Pinheiros;202.5800018;82;-46.6962662478184;-23.5668149548769
83;83;Vila Madalena;36;S?o Paulo;63;Pinheiros;219.3099976;83;-46.6884898796884;-23.553706693756
84;84;PUC;36;S?o Paulo;61;Perdizes;73.31999969;84;-46.6710862935645;-23.5357986914905
85;85;Cardoso de Almeida;36;S?o Paulo;61;Perdizes;63.38999939;85;-46.6656877763903;-23.5393155424106
86;86;Zequinha de Abreu;36;S?o Paulo;61;Perdizes;49.61000061;86;-46.674111711361;-23.5452287528575
87;87;Sumar?;36;S?o Paulo;61;Perdizes;139.1600037;87;-46.6837840267394;-23.5439440762462
88;88;Perdizes;36;S?o Paulo;61;Perdizes;168.4499969;88;-46.6806051451411;-23.5348907249667
89;89;Vila Anglo Brasileira;36;S?o Paulo;61;Perdizes;79.12000275;89;-46.6932533945224;-23.5384282607178
90;90;Pomp?ia;36;S?o Paulo;61;Perdizes;60;90;-46.6870440461782;-23.529583874267
91;91;Santa Marina;36;S?o Paulo;6;Barra Funda;295.3599854;91;-46.6799515331822;-23.5177974104904
92;92;Barra Funda;36;S?o Paulo;6;Barra Funda;118.2099991;92;-46.6625333995929;-23.52013345329
93;93;Francisco Matarazzo;36;S?o Paulo;6;Barra Funda;105.1299973;93;-46.666060583894;-23.5293430371818
94;94;?gua Branca;36;S?o Paulo;6;Barra Funda;71.11000061;94;-46.6774037816592;-23.5261189274673
95;95;Vila Beatriz;36;S?o Paulo;2;Alto de Pinheiros;183.6600037;95;-46.700122290028;-23.5469473488046
96;96;Alto de Pinheiros;36;S?o Paulo;2;Alto de Pinheiros;253.1699982;96;-46.7086581909734;-23.553474564381
97;97;Boa?ava;36;S?o Paulo;2;Alto de Pinheiros;314.4400024;97;-46.7205622050412;-23.5432567825224
98;98;Vila Anast?cio;36;S?o Paulo;48;Lapa;164.6600037;98;-46.7165638046357;-23.5144667547228
99;99;Lapa de Baixo;36;S?o Paulo;48;Lapa;242.6900024;99;-46.6999492635201;-23.5136313927456
100;100;Lapa;36;S?o Paulo;48;Lapa;225.2200012;100;-46.6993754981974;-23.5232473632931
101;101;Vila Ipojuca;36;S?o Paulo;48;Lapa;168.4700012;101;-46.6997455769476;-23.5331569562181
102;102;Alto da Lapa;36;S?o Paulo;48;Lapa;159.9499969;102;-46.7127359624264;-23.5302223618354
103;103;Gavi?o Peixoto;36;S?o Paulo;48;Lapa;68.95999908;103;-46.7174024627193;-23.5208198501594
104;104;Bela Alian?a;36;S?o Paulo;90;Vila Leopoldina;71.34999847;104;-46.7257534749995;-23.5235147880725
105;105;Vila Hamburguesa;36;S?o Paulo;90;Vila Leopoldina;149.1799927;105;-46.7262439827052;-23.5328849927146
106;106;CEASA;36;S?o Paulo;90;Vila Leopoldina;197.7799988;106;-46.7384517957042;-23.5355684251929
107;107;Vila Leopoldina;36;S?o Paulo;90;Vila Leopoldina;91.65000153;107;-46.733294454809;-23.5265940319611
108;108;Emiss?rio;36;S?o Paulo;90;Vila Leopoldina;190.5200043;108;-46.7390375488857;-23.5216593289031
109;109;Vila Zatt;36;S?o Paulo;64;Pirituba;1220.219971;109;-46.7287984681344;-23.4737950313635
110;110;Pirituba;36;S?o Paulo;64;Pirituba;488.9200134;110;-46.7183345820031;-23.4970270910124
111;111;S?o Domingos;36;S?o Paulo;73;S?o Domingos;581.7600098;111;-46.7384109251688;-23.4991651560472
112;112;Jardim Mutinga;36;S?o Paulo;73;S?o Domingos;411.9700012;112;-46.7587940870829;-23.4843680058986
113;113;Vila Jaguara;36;S?o Paulo;39;Jaguara;454.3399963;113;-46.7449256478507;-23.5127243776612
114;114;Parque do Jaragu?;36;S?o Paulo;41;Jaragu?;489.1199951;114;-46.7649104434761;-23.4621880860164
115;115;Nova Jaragu?;36;S?o Paulo;41;Jaragu?;777.7800293;115;-46.7515514264953;-23.4487645697845
116;116;Parada de Taipas;36;S?o Paulo;41;Jaragu?;1553.23999;116;-46.7250254046796;-23.4383497864586
117;117;Parque Morro Doce;36;S?o Paulo;3;Anhanguera;1527.160034;117;-46.8011716161124;-23.4372608748725
118;118;Anhanguera;36;S?o Paulo;3;Anhanguera;1812.790039;118;-46.7770744361099;-23.4365700543487
119;119;Perus;36;S?o Paulo;62;Perus;2369.129883;119;-46.7456156292995;-23.4075790616019
120;120;Vista Alegre;36;S?o Paulo;11;Brasil?ndia;742.4699707;120;-46.6936394748496;-23.4322818712978
121;121;Jardim Damasceno;36;S?o Paulo;11;Brasil?ndia;573.7299805;121;-46.686993678554;-23.448958992708
122;122;Vila Souza;36;S?o Paulo;11;Brasil?ndia;220.8600006;122;-46.7057657648554;-23.4537537261815
123;123;Vila Terezinha;36;S?o Paulo;11;Brasil?ndia;250.7799988;123;-46.6898497429133;-23.4633266724419
124;124;Brasil?ndia;36;S?o Paulo;11;Brasil?ndia;318.2799988;124;-46.6906342846379;-23.4731883285205
125;125;Vila Morro Grande;36;S?o Paulo;29;Freguesia do ?;413.0700073;125;-46.7036175757838;-23.4748472187746
126;126;Itaberaba;36;S?o Paulo;29;Freguesia do ?;207.4199982;126;-46.6905852917882;-23.4810273550562
127;127;Freguesia do ?;36;S?o Paulo;29;Freguesia do ?;485.8500061;127;-46.6962307905664;-23.4970158570154
128;128;Carandiru;36;S?o Paulo;71;Santana;38.02999878;128;-46.6256800974026;-23.506986231935
129;129;Santana;36;S?o Paulo;71;Santana;54.36000061;129;-46.6218488668977;-23.5011929237913
130;130;Zaki Narchi;36;S?o Paulo;71;Santana;71.31999969;130;-46.6194415786513;-23.5066799471065
131;131;Tiet?;36;S?o Paulo;71;Santana;78.59999847;131;-46.6244468547798;-23.5152505812094
132;132;Parque Anhembi;36;S?o Paulo;71;Santana;313.519989;132;-46.6383121699808;-23.5113000542836
133;133;Alfredo Pujol;36;S?o Paulo;71;Santana;215.0700073;133;-46.6322306904553;-23.4980949055944
134;134;Santa Terezinha;36;S?o Paulo;71;Santana;251.0800018;134;-46.6380249394587;-23.4900992293424
135;135;Jardim S?o Paulo;36;S?o Paulo;71;Santana;291.230011;135;-46.6187311941569;-23.48865850624
136;136;Casa Verde;36;S?o Paulo;21;Casa Verde;325.3500061;136;-46.6600694275491;-23.5080018687655
137;137;Parque Peruche;36;S?o Paulo;21;Casa Verde;391.8699951;137;-46.6545132628288;-23.4944542952435
138;138;Lim?o;36;S?o Paulo;50;Lim?o;171.8000031;138;-46.6783165860131;-23.5079425362606
139;139;Jardim Primavera;36;S?o Paulo;50;Lim?o;192.75;139;-46.6801023473675;-23.4930958109956
140;140;Vila Santa Maria;36;S?o Paulo;50;Lim?o;277.9400024;140;-46.6706452889347;-23.4934759310961
141;141;Cachoeirinha;36;S?o Paulo;13;Cachoeirinha;478.5799866;141;-46.6588680839768;-23.4713739236494
142;142;Jardim Peri;36;S?o Paulo;13;Cachoeirinha;443.6799927;142;-46.6632978136766;-23.4563683780664
143;143;Reserva da Cantareira;36;S?o Paulo;13;Cachoeirinha;436.6099854;143;-46.6573733546234;-23.4370718392341
144;144;Mandaqui;36;S?o Paulo;51;Mandaqui;552.4500122;144;-46.6366459552184;-23.4746206420185
145;145;Horto Florestal;36;S?o Paulo;51;Mandaqui;342.1799927;145;-46.641157509296;-23.4574774993044
146;146;ETA Guara?;36;S?o Paulo;51;Mandaqui;428.6700134;146;-46.6430080399937;-23.4378467505528
147;147;Parque Palmas do Trememb?;36;S?o Paulo;83;Trememb?;407.0299988;147;-46.6085334275565;-23.4501901655179
148;148;Trememb?;36;S?o Paulo;83;Trememb?;331.6199951;148;-46.62347141351;-23.4539580508575
149;149;Cantareira;36;S?o Paulo;83;Trememb?;2886.449951;149;-46.5860663139723;-23.3923613948602
150;150;Jardim das Pedras;36;S?o Paulo;83;Trememb?;1609.01001;150;-46.5832898967264;-23.4213864385151
151;151;Jardim Guapira;36;S?o Paulo;83;Trememb?;548.5300293;151;-46.5891844511433;-23.4508173487662
152;152;Parada Inglesa;36;S?o Paulo;84;Tucuruvi;242.6699982;152;-46.6026687742204;-23.486688039827
153;153;Tucuruvi;36;S?o Paulo;84;Tucuruvi;358.5;153;-46.6159338834209;-23.469593511327
154;154;Vila Gustavo;36;S?o Paulo;84;Tucuruvi;345.7999878;154;-46.5968312684423;-23.4739744149666
155;155;Cohab Jova Rural;36;S?o Paulo;38;Ja?an?;254.5800018;155;-46.5758256506184;-23.4529734491441
156;156;Ja?an?;36;S?o Paulo;38;Ja?an?;386.230011;156;-46.5785172618493;-23.4662555785818
157;157;Parque Edu Chaves;36;S?o Paulo;38;Ja?an?;109.9100037;157;-46.5647063465357;-23.4771491548218
158;158;Vila Medeiros;36;S?o Paulo;94;Vila Medeiros;335.019989;158;-46.5862307122644;-23.4879775546583
159;159;Jardim Brasil;36;S?o Paulo;94;Vila Medeiros;454.3699951;159;-46.5703038381854;-23.4874865732983
160;160;Jardim Jap?o;36;S?o Paulo;91;Vila Maria;396.230011;160;-46.5816721155936;-23.5043073260086
161;161;Parque Novo Mundo;36;S?o Paulo;91;Vila Maria;551.3599854;161;-46.5691093972227;-23.5162092555397
162;162;Vila Maria;36;S?o Paulo;91;Vila Maria;234.1199951;162;-46.5897834216702;-23.518206706413
163;163;Vila Isolina Mazzei;36;S?o Paulo;88;Vila Guilherme;379.5;163;-46.6032770103918;-23.5023522613023
164;164;Vila Guilherme;36;S?o Paulo;88;Vila Guilherme;170.8999939;164;-46.6018917320893;-23.5187756427534
165;165;Coroa;36;S?o Paulo;88;Vila Guilherme;174.3899994;165;-46.6133942960568;-23.5132650940527
166;166;Gomes Cardim;36;S?o Paulo;82;Tatuap?;243.2400055;166;-46.5614822023669;-23.5455986036557
167;167;Tatuap?;36;S?o Paulo;82;Tatuap?;156.8800049;167;-46.5734624636225;-23.5459200328139
168;168;Ch?cara do Piqueri;36;S?o Paulo;82;Tatuap?;198.5899963;168;-46.5762330199063;-23.5326734923737
169;169;Parque S?o Jorge;36;S?o Paulo;82;Tatuap?;252.0700073;169;-46.5611481081866;-23.5306879733467
170;170;Penha;36;S?o Paulo;60;Penha;384.1600037;170;-46.5482205638288;-23.5210628581948
171;171;Tiquatira;36;S?o Paulo;60;Penha;324.4599915;171;-46.5320565602565;-23.5219299836701
172;172;Vila Esperan?a;36;S?o Paulo;60;Penha;228.8200073;172;-46.5176408162287;-23.5235638252394
173;173;Vila R?;36;S?o Paulo;60;Penha;208.2299957;173;-46.4983097722839;-23.5264938330457
174;174;Rui Barbosa;36;S?o Paulo;18;Canga?ba;271.230011;174;-46.5027529964105;-23.5005295803964
175;175;Esta??o Eng. Goulart;36;S?o Paulo;18;Canga?ba;193.3300018;175;-46.5143292120698;-23.5027198810818
176;176;Canga?ba;36;S?o Paulo;18;Canga?ba;333.5299988;176;-46.5312129945055;-23.5074294240183
177;177;Parque Ecol?gico do Tiet?;36;S?o Paulo;18;Canga?ba;530.8499756;177;-46.5213085189246;-23.4916038828933
178;178;USP Leste I;36;S?o Paulo;18;Canga?ba;50.18000031;178;-46.501726995201;-23.4837654542902
179;179;USP Leste II;36;S?o Paulo;28;Ermelino Matarazzo;122.8300018;179;-46.4835711600546;-23.4790990906813
180;180;Ermelino Matarazzo;36;S?o Paulo;28;Ermelino Matarazzo;448.8200073;180;-46.4903675736201;-23.4900282742808
181;181;Parque Buturussu;36;S?o Paulo;28;Ermelino Matarazzo;371.8299866;181;-46.476836403931;-23.495820924291
182;182;Ponte Rasa;36;S?o Paulo;65;Ponte Rasa;365.3599854;182;-46.5013589400451;-23.5135579652126
183;183;Burgo Paulista;36;S?o Paulo;65;Ponte Rasa;291.6300049;183;-46.4835374297002;-23.5174377192822
184;184;Limoeiro;36;S?o Paulo;89;Vila Jacu?;143.3300018;184;-46.4717938102457;-23.5116370345149
185;185;Laranja da China;36;S?o Paulo;89;Vila Jacu?;131.7200012;185;-46.4640005244563;-23.5084282933354
186;186;Pedro Jos? Nunes;36;S?o Paulo;89;Vila Jacu?;86.18000031;186;-46.4610917008558;-23.5026959492454
187;187;Parque Cruzeiro do Sul;36;S?o Paulo;89;Vila Jacu?;249.9100037;187;-46.4619756841099;-23.4899508226242
188;188;Vila Jacu?;36;S?o Paulo;89;Vila Jacu?;211.8699951;188;-46.4514950375459;-23.5060966331536
189;189;Parada XV;36;S?o Paulo;36;Itaquera;324.4599915;189;-46.4417895192869;-23.533794388158
190;190;Itaquera;36;S?o Paulo;36;Itaquera;283.1700134;190;-46.4533916887875;-23.546881628721
191;191;Arena Corinthians;36;S?o Paulo;36;Itaquera;140.2899933;191;-46.4689084653121;-23.5445153920508
192;192;Vila Campanela;36;S?o Paulo;36;Itaquera;230.5299988;192;-46.4654539874246;-23.5334849340577
193;193;Arauc?rias;36;S?o Paulo;36;Itaquera;129.5800018;193;-46.4691200216915;-23.522950061193
194;194;Parque Guarani;36;S?o Paulo;36;Itaquera;126.4499969;194;-46.4588992947019;-23.5231450640158
195;195;Rio Verde;36;S?o Paulo;36;Itaquera;238.7599945;195;-46.4502972410216;-23.5226277903722
196;196;Saudade;36;S?o Paulo;76;S?o Miguel;207.2799988;196;-46.4369842469944;-23.5182472132961
197;197;S?o Miguel Paulista;36;S?o Paulo;76;S?o Miguel;302.6499939;197;-46.4471364237297;-23.4946810180384
198;198;Cidade Nitro-Oper?ria;36;S?o Paulo;76;S?o Miguel;357.9200134;198;-46.4368179055291;-23.4957128186075
199;199;Jardim Helena;36;S?o Paulo;43;Jardim Helena;684.6699829;199;-46.4197407088793;-23.4828033419434
200;200;Jardim Romano;36;S?o Paulo;43;Jardim Helena;230.7700043;200;-46.3915066488132;-23.4844504034741
201;201;Vila Curu??;36;S?o Paulo;86;Vila Curu??;503.1700134;201;-46.4182456664742;-23.4998262289497
202;202;Jardim Robru;36;S?o Paulo;86;Vila Curu??;449.1900024;202;-46.4140621923595;-23.517654948069
203;203;Lajeado;36;S?o Paulo;47;Lajeado;276.9500122;203;-46.4229793931957;-23.5294419764047
204;204;F?brica Bandeirantes;36;S?o Paulo;47;Lajeado;615.3300171;204;-46.4016668333589;-23.5350309977778
205;205;Fazenda Itaim;36;S?o Paulo;35;Itaim Paulista;462.2399902;205;-46.3834125795037;-23.514973901749
206;206;Itaim Paulista;36;S?o Paulo;35;Itaim Paulista;302.1900024;206;-46.3974653314185;-23.5027161819711
207;207;Jardim das Oliveiras;36;S?o Paulo;35;Itaim Paulista;460.1099854;207;-46.3822030450955;-23.4946742664564
208;208;Vila Calif?rnia;36;S?o Paulo;20;Carr?o;340.0400085;208;-46.547231784292;-23.5448786421871
209;209;Vila Carr?o;36;S?o Paulo;20;Carr?o;440.2799988;209;-46.5309847617528;-23.5553292803781
210;210;Jardim An?lia Franco;36;S?o Paulo;87;Vila Formosa;334.0400085;210;-46.5542000749596;-23.5605378456884
211;211;Vila Formosa;36;S?o Paulo;87;Vila Formosa;417.480011;211;-46.5388870151765;-23.5728590564827
212;212;Barreira Grande;36;S?o Paulo;4;Aricanduva;280.1000061;212;-46.5161507543609;-23.5805912283102
213;213;Aricanduva;36;S?o Paulo;4;Aricanduva;406.1700134;213;-46.514833071746;-23.5686502921854
214;214;Frei Mont'Alverne;36;S?o Paulo;93;Vila Matilde;225.1999969;214;-46.5337665313884;-23.5379993966418
215;215;Vila Matilde;36;S?o Paulo;93;Vila Matilde;330.1700134;215;-46.5098130045177;-23.546261016291
216;216;Cidade Patriarca;36;S?o Paulo;93;Vila Matilde;336.5;216;-46.5071564668411;-23.5360832960902
217;217;Cidade A.E.Carvalho;36;S?o Paulo;5;Artur Alvim;265.769989;217;-46.4810853306794;-23.5326621842546
218;218;Artur Alvim;36;S?o Paulo;5;Artur Alvim;387.269989;218;-46.4885721503243;-23.5447188035691
219;219;Cidade L?der;36;S?o Paulo;24;Cidade L?der;347.5100098;219;-46.4996801796523;-23.5558918259497
220;220;Santa Marcelina;36;S?o Paulo;24;Cidade L?der;265.9400024;220;-46.4730569052851;-23.5544517464849
221;221;Parque Savoy;36;S?o Paulo;24;Cidade L?der;444.75;221;-46.4956694006498;-23.5715031859846
222;222;Vila Carmosina;36;S?o Paulo;58;Parque do Carmo;343.7600098;222;-46.4712183290366;-23.5656050993232
223;223;Fazenda Cagua?u;36;S?o Paulo;58;Parque do Carmo;439.5299988;223;-46.4509859530146;-23.570999496194
224;224;Parque do Carmo;36;S?o Paulo;58;Parque do Carmo;777.4299927;224;-46.4662696557885;-23.5829056568241
225;225;Gleba do P?ssego;36;S?o Paulo;46;Jos? Bonif?cio;1028.469971;225;-46.4316232151427;-23.57546453893
226;226;Jos? Bonif?cio;36;S?o Paulo;46;Jos? Bonif?cio;416.5299988;226;-46.4337369131256;-23.5461855945364
227;227;Guaianases;36;S?o Paulo;31;Guaianases;472.3399963;227;-46.4144170571049;-23.550909484667
228;228;Juscelino Kubitschek;36;S?o Paulo;31;Guaianases;418.8200073;228;-46.3973399955916;-23.5617295953422
229;229;Cidade Tiradentes;36;S?o Paulo;25;Cidade Tiradentes;953.5900269;229;-46.4035646126428;-23.5778716090198
230;230;Santa Etelvina;36;S?o Paulo;25;Cidade Tiradentes;541.2999878;230;-46.3951396859279;-23.5956928101013
231;231;Terceira Divis?o;36;S?o Paulo;32;Iguatemi;1130.900024;231;-46.4164378052397;-23.6166900948611
232;232;Iguatemi;36;S?o Paulo;32;Iguatemi;498.4700012;232;-46.4342786917197;-23.6073991845042
233;233;S?tio Carr?ozinho;36;S?o Paulo;32;Iguatemi;323.2799988;233;-46.4401761990751;-23.606057261014
234;234;Parque S?o Rafael;36;S?o Paulo;77;S?o Rafael;742.3300171;234;-46.4459474269614;-23.6313595205532
235;235;Rodolfo Pirani;36;S?o Paulo;77;S?o Rafael;566.039978;235;-46.4703445789898;-23.6261967079401
236;236;Ipiranga;36;S?o Paulo;33;Ipiranga;91.94000244;236;-46.602378098866;-23.587468347807
237;237;Sacom?;36;S?o Paulo;33;Ipiranga;90.33999634;237;-46.6013446708805;-23.5964895510256
238;238;Alto do Ipiranga;36;S?o Paulo;33;Ipiranga;160.8099976;238;-46.6091344286757;-23.6021719471807
239;239;Vila S?o Jos?;36;S?o Paulo;33;Ipiranga;177.5500031;239;-46.6129900730369;-23.5895114626281
240;240;Vila Monumento;36;S?o Paulo;33;Ipiranga;165.1900024;240;-46.6137635890823;-23.5765186039184
241;241;Vila Independ?ncia;36;S?o Paulo;33;Ipiranga;170.2200012;241;-46.6041467820259;-23.5716959666866
242;242;Vila Carioca;36;S?o Paulo;33;Ipiranga;249.1100006;242;-46.588452371561;-23.6020291860446
243;243;Moinho Velho;36;S?o Paulo;69;Sacom?;347.4100037;243;-46.6005977147209;-23.6167068217982
244;244;Vila Heli?polis;36;S?o Paulo;69;Sacom?;232.8099976;244;-46.5884234224709;-23.6151475260501
245;245;S?o Jo?o Cl?maco;36;S?o Paulo;69;Sacom?;198.1499939;245;-46.5884718928588;-23.6328513269579
246;246;Anchieta;36;S?o Paulo;69;Sacom?;217.0800018;246;-46.5952489017074;-23.6452386209012
247;247;Vila das Merc?s;36;S?o Paulo;69;Sacom?;468.9400024;247;-46.6055546274405;-23.6398836465915
248;248;Parque do Estado;36;S?o Paulo;27;Cursino;445.4100037;248;-46.6225953225181;-23.6509252744836
249;249;?gua Funda;36;S?o Paulo;27;Cursino;276.2999878;249;-46.6197932462224;-23.6310982541483
250;250;Jardim da Sa?de;36;S?o Paulo;27;Cursino;182.9400024;250;-46.6226905109974;-23.6152869808278
251;251;Vila Gumercindo;36;S?o Paulo;27;Cursino;137.1900024;251;-46.6193973595823;-23.6019610676047
252;252;Jardim Previd?ncia;36;S?o Paulo;27;Cursino;165.8099976;252;-46.6139969640341;-23.6168014505097
253;253;Tamanduate?;36;S?o Paulo;95;Vila Prudente;112.9899979;253;-46.587606180633;-23.5918679470852
254;254;Orfanato;36;S?o Paulo;95;Vila Prudente;354.2600098;254;-46.5761298802346;-23.5835750302545
255;255;Vila Zelina;36;S?o Paulo;95;Vila Prudente;492.9400024;255;-46.5662099525744;-23.5985998069121
256;256;Linhas Corrente;36;S?o Paulo;74;S?o Lucas;251.8099976;256;-46.5542862180128;-23.5883642021733
257;257;Vila Ema;36;S?o Paulo;74;S?o Lucas;267.2200012;257;-46.5434267294865;-23.5840597335845
258;258;Parque S?o Lucas;36;S?o Paulo;74;S?o Lucas;449.6799927;258;-46.5369639931094;-23.6035264698155
259;259;Vila Cardoso Franco;36;S?o Paulo;78;Sapopemba;163.8800049;259;-46.5080652453764;-23.6172670893948
260;260;Parque Santa Madalena;36;S?o Paulo;78;Sapopemba;204.8500061;260;-46.5159742064772;-23.6080830657189
261;261;Jardim Colorado;36;S?o Paulo;78;Sapopemba;320.2600098;261;-46.5246166053084;-23.5935010687933
262;262;Teot?nio Vilela;36;S?o Paulo;78;Sapopemba;346.3299866;262;-46.5069334904958;-23.5979992597892
263;263;Fazenda da Juta;36;S?o Paulo;78;Sapopemba;329.5700073;263;-46.4930798049055;-23.6161720810823
264;264;S?o Mateus;36;S?o Paulo;75;S?o Mateus;427.5899963;264;-46.4761421505902;-23.6055111905517
265;265;Cidade IV Centen?rio;36;S?o Paulo;75;S?o Mateus;332.5799866;265;-46.4935304624598;-23.5901440104361
266;266;Rio Claro;36;S?o Paulo;75;S?o Mateus;218.3600006;266;-46.4714304724785;-23.5945267315069
267;267;Cidade Sat?lite;36;S?o Paulo;75;S?o Mateus;300.480011;267;-46.4641796524365;-23.6076196645691
268;268;Joaquim Nabuco;36;S?o Paulo;15;Campo Belo;198.4400024;268;-46.6776076866996;-23.6300473215788
269;269;Vieira de Moraes;36;S?o Paulo;15;Campo Belo;171.2799988;269;-46.6725271200979;-23.6231295625884
270;270;Campo Belo;36;S?o Paulo;15;Campo Belo;138.5700073;270;-46.6685830438697;-23.6175847670568
271;271;Congonhas;36;S?o Paulo;15;Campo Belo;179.4199982;271;-46.656356501383;-23.6274135618986
272;272;Jardim Aeroporto;36;S?o Paulo;15;Campo Belo;198.5500031;272;-46.6615810423042;-23.6346980120388
273;273;Vila Santa Catarina;36;S?o Paulo;37;Jabaquara;325.7099915;273;-46.6599339351333;-23.6495501581201
274;274;Jabaquara;36;S?o Paulo;37;Jabaquara;288.7200012;274;-46.6464925461578;-23.6434757767506
275;275;Cidade Vargas;36;S?o Paulo;37;Jabaquara;347.4500122;275;-46.6344287203907;-23.6404744648716
276;276;Jardim Bom Clima;36;S?o Paulo;37;Jabaquara;445.9200134;276;-46.6432257778899;-23.6622162517758
277;277;Cupec?;36;S?o Paulo;22;Cidade Ademar;416.8900146;277;-46.6689141381996;-23.6609988908223
278;278;Jardim Miriam;36;S?o Paulo;22;Cidade Ademar;513.9400024;278;-46.6442752531264;-23.6784555317516
279;279;Vila Mission?ria;36;S?o Paulo;22;Cidade Ademar;295.3999939;279;-46.660277855668;-23.6821716328812
280;280;Jurubatuba;36;S?o Paulo;16;Campo Grande;482.5899963;280;-46.6965273948311;-23.6706242146423
281;281;Vila S?o Pedro;36;S?o Paulo;16;Campo Grande;312.5799866;281;-46.6840762438536;-23.6635601639326
282;282;Campo Grande;36;S?o Paulo;16;Campo Grande;272.3599854;282;-46.6751954876188;-23.6796699763369
283;283;Vila Sabar?;36;S?o Paulo;16;Campo Grande;234.5599976;283;-46.6858741183206;-23.6889858919539
284;284;Mar Paulista;36;S?o Paulo;59;Pedreira;548.6599731;284;-46.6640343167262;-23.6962934421532
285;285;Pedreira;36;S?o Paulo;59;Pedreira;1302.689941;285;-46.6434763265904;-23.7107629401035
286;286;Vila Socorro;36;S?o Paulo;81;Socorro;293.2600098;286;-46.7150498818234;-23.6682105179036
287;287;Parque Interlagos;36;S?o Paulo;81;Socorro;935.6599731;287;-46.7130543041495;-23.6905579848974
288;288;Jardim Represa;36;S?o Paulo;23;Cidade Dutra;783.7299805;288;-46.7160500086944;-23.7239684704212
289;289;Rio Bonito;36;S?o Paulo;23;Cidade Dutra;495.8200073;289;-46.6960059430793;-23.7090145712486
290;290;SESC Interlagos;36;S?o Paulo;23;Cidade Dutra;736.4799805;290;-46.6796438688747;-23.7175753601984
291;291;Jardim Presidente;36;S?o Paulo;23;Cidade Dutra;762.539978;291;-46.720051841386;-23.7550945995947
292;292;Vila Natal;36;S?o Paulo;30;Graja?;415.0899963;292;-46.7030980614753;-23.7616700327425
293;293;Graja?;36;S?o Paulo;30;Graja?;540.7000122;293;-46.6870950037629;-23.7450660709633
294;294;Cocaia;36;S?o Paulo;30;Graja?;1093.329956;294;-46.6618790051468;-23.743605689169
295;295;Belmira Marin;36;S?o Paulo;30;Graja?;1236.829956;295;-46.6783411311169;-23.7694548102221
296;296;Boror?;36;S?o Paulo;30;Graja?;5992.560059;296;-46.6632948413286;-23.8079310146457
297;297;Jaceguava;36;S?o Paulo;56;Parelheiros;3512.689941;297;-46.758787307567;-23.7618928596781
298;298;Parelheiros;36;S?o Paulo;56;Parelheiros;11667.08008;298;-46.7375684741593;-23.8278098826693
299;299;Marsilac;36;S?o Paulo;52;Marsilac;20795.96094;299;-46.7076548259138;-23.9347034737764
300;300;Granja Julieta;36;S?o Paulo;72;Santo Amaro;616.8800049;300;-46.7063158191968;-23.6341152083363
301;301;Ch?cara Flora;36;S?o Paulo;72;Santo Amaro;452.25;301;-46.6858766765158;-23.6407836798795
302;302;Santo Amaro;36;S?o Paulo;72;Santo Amaro;257.1099854;302;-46.6997429608059;-23.6514862872138
303;303;Vila Miranda;36;S?o Paulo;72;Santo Amaro;271.1499939;303;-46.7148654785526;-23.6526513546154
304;304;Jardim S?o Lu?s;36;S?o Paulo;45;Jardim S?o Lu?s;408.4500122;304;-46.7445126759493;-23.650682355245
305;305;Centro Empresarial;36;S?o Paulo;45;Jardim S?o Lu?s;675.289978;305;-46.7397898706291;-23.6625742120576
306;306;Guarapiranga;36;S?o Paulo;45;Jardim S?o Lu?s;1513.25;306;-46.7373089250855;-23.6963121980076
307;307;Jardim Capela;36;S?o Paulo;42;Jardim ?ngela;2022.050049;307;-46.7629982526224;-23.7246117766343
308;308;Riviera;36;S?o Paulo;42;Jardim ?ngela;798.789978;308;-46.7732642912834;-23.7071869655945
309;309;Jardim Turquesa;36;S?o Paulo;42;Jardim ?ngela;282.8699951;309;-46.7868455526497;-23.6963268725331
310;310;Morro do ?ndio;36;S?o Paulo;42;Jardim ?ngela;114.6399994;310;-46.7744479509269;-23.6838801162684
311;311;Jardim ?ngela;36;S?o Paulo;42;Jardim ?ngela;463.769989;311;-46.7609855600063;-23.6851954872084
312;312;Cap?o Redondo;36;S?o Paulo;19;Cap?o Redondo;219.3899994;312;-46.7621764882063;-23.6594395125037
313;313;Jardim S?nia Ing?;36;S?o Paulo;19;Cap?o Redondo;105.3799973;313;-46.7685084629041;-23.6735595930915
314;314;Adventista;36;S?o Paulo;19;Cap?o Redondo;545.2600098;314;-46.7842940228433;-23.677146230167
315;315;Parque Fernanda;36;S?o Paulo;19;Cap?o Redondo;512.2700195;315;-46.7858060081295;-23.661677304606
316;316;Morumbi;36;S?o Paulo;55;Morumbi;271.4599915;316;-46.7126163005007;-23.5885323202558
317;317;J?quei Clube;36;S?o Paulo;55;Morumbi;333.2399902;317;-46.6995764280992;-23.585514836455
318;318;Fazenda Morumbi;36;S?o Paulo;55;Morumbi;320.730011;318;-46.704648765867;-23.6067485490215
319;319;Real Parque;36;S?o Paulo;55;Morumbi;223.4199982;319;-46.7178701215725;-23.6043917891078
320;320;Parais?polis;36;S?o Paulo;85;Vila Andrade;361.9500122;320;-46.7178315810921;-23.6192517317112
321;321;Jardim Vit?ria R?gia;36;S?o Paulo;85;Vila Andrade;370.1799927;321;-46.728043764046;-23.6322722966447
322;322;Vila Suzana;36;S?o Paulo;85;Vila Andrade;300.5;322;-46.739955401858;-23.6257813221649
323;323;Parque Arariba;36;S?o Paulo;17;Campo Limpo;346.5899963;323;-46.7486184359333;-23.6374387755356
324;324;Jardim Mitsutani;36;S?o Paulo;17;Campo Limpo;349.3099976;324;-46.7771888763298;-23.6429769276381
325;325;Pirajussara;36;S?o Paulo;17;Campo Limpo;270.0499878;325;-46.7644564495065;-23.6313292572856
326;326;Jardim Umarizal;36;S?o Paulo;17;Campo Limpo;294.9100037;326;-46.7587250234465;-23.6267705513898
327;327;Portal do Morumbi;36;S?o Paulo;96;Vila S?nia;151.4299927;327;-46.732415311656;-23.6088429694268
328;328;Jardim Jussara;36;S?o Paulo;96;Vila S?nia;231.5500031;328;-46.7441719739443;-23.6066747624152
329;329;Vila S?nia;36;S?o Paulo;96;Vila S?nia;348.4400024;329;-46.7304765667305;-23.5948036443516
330;330;Jardim Maria do Carmo;36;S?o Paulo;96;Vila S?nia;277.5499878;330;-46.7484789941478;-23.5924109270047
331;331;Jardim Cambar?;36;S?o Paulo;66;Raposo Tavares;480.2000122;331;-46.7721560481472;-23.5928167475381
332;332;Jardim Jo?o XXIII;36;S?o Paulo;66;Raposo Tavares;467.6499939;332;-46.7945847887722;-23.5962875124153
333;333;Raposo Tavares;36;S?o Paulo;66;Raposo Tavares;271.3399963;333;-46.7918782978833;-23.5833408635091
334;334;Rio Pequeno;36;S?o Paulo;68;Rio Pequeno;245.75;334;-46.7467875834214;-23.5687280943892
335;335;Jardim Ester Yolanda;36;S?o Paulo;68;Rio Pequeno;264.9299927;335;-46.7582068403199;-23.5778588844959
336;336;Jardim Adalgiza;36;S?o Paulo;68;Rio Pequeno;467.1300049;336;-46.7558702273923;-23.5605904182205
337;337;Parque Continental;36;S?o Paulo;40;Jaguar?;226.3800049;337;-46.7525834240459;-23.5478061411353
338;338;Jaguar?;36;S?o Paulo;40;Jaguar?;430.4400024;338;-46.7461940372902;-23.541070399505
339;339;Cidade Universit?ria;36;S?o Paulo;12;Butant?;584.5599976;339;-46.7275242207106;-23.559147864627
340;340;Butant?;36;S?o Paulo;12;Butant?;207.1100006;340;-46.7060875041747;-23.5673766362546
341;341;Jardim Caxingui;36;S?o Paulo;12;Butant?;180.0800018;341;-46.7205144067317;-23.5788189421441
342;342;Jardim Bonfiglioli;36;S?o Paulo;12;Butant?;319.9700012;342;-46.7369179192649;-23.5794401400379
